kind,source_section_id,source_node_id,target_section_id,target_node_id,node_name,source_size,target_size,status
screen,442:2,442:6,453:7374,453:7378,NativeEditable/P1-01 P1-01 Onboarding,390x844,390x844,MATCH
screen,442:2,442:23,453:7374,453:7395,NativeEditable/P1-02 P1-02 Login Screen,390x844,390x844,MATCH
screen,442:2,442:47,453:7374,453:7421,NativeEditable/P1-03 P1-03 Register,390x844,390x844,MATCH
screen,442:2,442:73,453:7374,453:7449,NativeEditable/P1-04 P1-04 OTP Verification,390x844,390x844,MATCH
screen,442:2,442:102,453:7374,453:7481,NativeEditable/P1-05 P1-05 Pet List,390x844,390x844,MATCH
screen,442:2,442:151,453:7374,453:7542,NativeEditable/P1-06 P1-06 Pet Form,390x844,390x844,MATCH
screen,442:2,442:198,453:7374,453:7594,NativeEditable/P1-07 P1-07 Home Screen,390x844,390x844,MATCH
screen,442:2,442:275,453:7374,453:7685,NativeEditable/P1-08 P1-08 Vet Finder Map,390x844,390x844,MATCH
screen,442:2,442:357,453:7374,453:7786,NativeEditable/P1-09 P1-09 Vet List,390x844,390x844,MATCH
screen,442:2,442:430,453:7374,453:7872,NativeEditable/P1-10 P1-10 Vet Detail,390x844,390x844,MATCH
screen,442:2,442:473,453:7374,453:7924,NativeEditable/P1-11 P1-11 Write Review,390x844,390x844,MATCH
screen,442:2,442:516,453:7374,453:7975,NativeEditable/P1-12 P1-12 Health Timeline,390x844,390x844,MATCH
screen,442:2,442:589,453:7374,453:8065,NativeEditable/P1-13 P1-13 Add Health Event,390x844,390x844,MATCH
screen,442:2,442:639,453:7374,453:8125,NativeEditable/P1-14 P1-14 Reminder Calendar,390x844,390x844,MATCH
screen,442:2,442:732,453:7374,453:8236,NativeEditable/P1-15 P1-15 Notification Center,390x844,390x844,MATCH
screen,442:2,442:792,453:7374,453:8308,NativeEditable/P1-16 P1-16 Profile Screen,390x844,390x844,MATCH
screen,442:2,442:855,453:7374,453:8384,NativeEditable/P2-01 P2-01 Rescue Home,390x844,390x844,MATCH
screen,442:2,442:908,453:7374,453:8449,NativeEditable/P2-02 P2-02 Create Lost Alert,390x844,390x844,MATCH
screen,442:2,442:949,453:7374,453:8498,NativeEditable/P2-03 P2-03 Lost Info Form,390x844,390x844,MATCH
screen,442:2,442:984,453:7374,453:8536,NativeEditable/P2-04 P2-04 Case Detail,390x844,390x844,MATCH
screen,442:2,442:1016,453:7374,453:8572,NativeEditable/P2-05 P2-05 Rescue Map,390x844,390x844,MATCH
screen,442:2,442:1076,453:7374,453:8638,NativeEditable/P2-06 P2-06 Case Comment,390x844,390x844,MATCH
screen,442:2,442:1120,453:7374,453:8687,NativeEditable/P2-07 P2-07 Case Status Update,390x844,390x844,MATCH
screen,442:2,442:1167,453:7374,453:8740,NativeEditable/P2-08 P2-08 Case Discussion,390x844,390x844,MATCH
screen,442:2,442:1235,453:7374,453:8824,NativeEditable/P2-09 P2-09 Adoption Swipe Deck,390x844,390x844,MATCH
screen,442:2,442:1288,453:7374,453:8889,NativeEditable/P2-10 P2-10 Adoption Profile,390x844,390x844,MATCH
screen,442:2,442:1330,453:7374,453:8941,NativeEditable/P2-11 P2-11 Adoption Request Form,390x844,390x844,MATCH
screen,442:2,442:1368,453:7374,453:8983,NativeEditable/P2-12 P2-12 Shelter Chat,390x844,390x844,MATCH
screen,442:2,442:1408,453:7374,453:9029,NativeEditable/P2-13 P2-13 Health Hub,390x844,390x844,MATCH
screen,442:2,442:1486,453:7374,453:9121,NativeEditable/P2-14 P2-14 Notification Preferences,390x844,390x844,MATCH
screen,442:2,442:1527,453:7374,453:9164,NativeEditable/P2-15 P2-15 Privacy Defaults,390x844,390x844,MATCH
screen,442:2,442:1567,453:7374,453:9207,NativeEditable/P2-16 P2-16 Profile Controls,390x844,390x844,MATCH
screen,442:2,442:1633,453:7374,453:9289,NativeEditable/ST-01 ST-01 Offline Full Screen,390x844,390x844,MATCH
screen,442:2,442:1664,453:7374,453:9330,NativeEditable/ST-02 ST-02 Network Error Retry,390x844,390x844,MATCH
screen,442:2,442:1707,453:7374,453:9382,NativeEditable/ST-03 ST-03 Loading Skeleton,390x844,390x844,MATCH
screen,442:2,442:1758,453:7374,453:9442,NativeEditable/ST-04 ST-04 Empty First Pet,390x844,390x844,MATCH
screen,442:2,442:1793,453:7374,453:9487,NativeEditable/ST-05 ST-05 Empty Nearby Rescue,390x844,390x844,MATCH
screen,442:2,442:1839,453:7374,453:9543,NativeEditable/ST-06 ST-06 Vet Search No Results,390x844,390x844,MATCH
screen,442:2,442:1882,453:7374,453:9598,NativeEditable/ST-07 ST-07 Login Success,390x844,390x844,MATCH
screen,442:2,442:1892,453:7374,453:9608,NativeEditable/ST-08 ST-08 Login Failure,390x844,390x844,MATCH
screen,442:2,442:1918,453:7374,453:9638,NativeEditable/ST-09 ST-09 Register Success,390x844,390x844,MATCH
screen,442:2,442:1936,453:7374,453:9661,NativeEditable/ST-10 ST-10 Register Failure,390x844,390x844,MATCH
screen,442:2,442:1969,453:7374,453:9699,NativeEditable/ST-11 ST-11 Save Update Success,390x844,390x844,MATCH
screen,442:2,442:2015,453:7374,453:9758,NativeEditable/ST-12 ST-12 Save Update Failure,390x844,390x844,MATCH
screen,442:2,442:2054,453:7374,453:9808,NativeEditable/ST-13 ST-13 Lost Alert Submit Failure,390x844,390x844,MATCH
screen,442:2,442:2092,453:7374,453:9851,NativeEditable/ST-14 ST-14 Adoption Request Submitted,390x844,390x844,MATCH
screen,442:2,442:2117,453:7374,453:9879,NativeEditable/ST-15 ST-15 Location Permission Needed,390x844,390x844,MATCH
screen,442:2,442:2150,453:7374,453:9923,NativeEditable/ST-16 ST-16 Media Upload Failure,390x844,390x844,MATCH
screen,442:2,442:2194,453:7374,453:9978,NativeEditable/ST-17 ST-17 OTP Expired,390x844,390x844,MATCH
screen,442:2,442:2223,453:7374,453:10009,NativeEditable/ST-18 ST-18 Comment Send Failure,390x844,390x844,MATCH
screen,442:2,442:2269,453:7374,453:10064,NativeEditable/ST-19 ST-19 Adoption Request Failure,390x844,390x844,MATCH
screen,442:2,442:2302,453:7374,453:10104,NativeEditable/ST-20 ST-20 Empty My Adoption Requests,390x844,390x844,MATCH
screen,442:2,442:2334,453:7374,453:10141,NativeEditable/ST-21 ST-21 Chat Send Failure,390x844,390x844,MATCH
screen,442:2,442:2356,453:7374,453:10165,NativeEditable/ST-22 ST-22 Status Update Success,390x844,390x844,MATCH
screen,442:2,442:2393,453:7374,453:10211,NativeEditable/ST-23 ST-23 Map Service Unavailable,390x844,390x844,MATCH
screen,442:2,442:2455,453:7374,453:10288,NativeEditable/ST-24 ST-24 Empty Notifications,390x844,390x844,MATCH
responsive,444:3050,444:3057,453:10333,453:10340,NativeEditable/360x800/P1-07 P1-07 Home Screen,360x800,360x800,MATCH
responsive,444:3050,444:3125,453:10333,453:10426,NativeEditable/412x915/P1-07 P1-07 Home Screen,412x915,412x915,MATCH
responsive,444:3050,444:3196,453:10333,453:10513,NativeEditable/430x932/P1-07 P1-07 Home Screen,430x932,430x932,MATCH
responsive,444:3050,444:3267,453:10333,453:10600,NativeEditable/360x800/P1-08 P1-08 Vet Finder Map,360x800,360x800,MATCH
responsive,444:3050,444:3348,453:10333,453:10699,NativeEditable/412x915/P1-08 P1-08 Vet Finder Map,412x915,412x915,MATCH
responsive,444:3050,444:3427,453:10333,453:10797,NativeEditable/430x932/P1-08 P1-08 Vet Finder Map,430x932,430x932,MATCH
responsive,444:3050,444:3506,453:10333,453:10895,NativeEditable/360x800/P1-12 P1-12 Health Timeline,360x800,360x800,MATCH
responsive,444:3050,444:3573,453:10333,453:10979,NativeEditable/412x915/P1-12 P1-12 Health Timeline,412x915,412x915,MATCH
responsive,444:3050,444:3642,453:10333,453:11065,NativeEditable/430x932/P1-12 P1-12 Health Timeline,430x932,430x932,MATCH
responsive,444:3050,444:3712,453:10333,453:11153,NativeEditable/360x800/P1-16 P1-16 Profile Screen,360x800,360x800,MATCH
responsive,444:3050,444:3764,453:10333,453:11218,NativeEditable/412x915/P1-16 P1-16 Profile Screen,412x915,412x915,MATCH
responsive,444:3050,444:3825,453:10333,453:11294,NativeEditable/430x932/P1-16 P1-16 Profile Screen,430x932,430x932,MATCH
responsive,444:3050,444:3885,453:10333,453:11369,NativeEditable/360x800/P2-01 P2-01 Rescue Home,360x800,360x800,MATCH
responsive,444:3050,444:3930,453:10333,453:11425,NativeEditable/412x915/P2-01 P2-01 Rescue Home,412x915,412x915,MATCH
responsive,444:3050,444:3989,453:10333,453:11496,NativeEditable/430x932/P2-01 P2-01 Rescue Home,430x932,430x932,MATCH
responsive,453:7374,453:7378,453:10333,462:5,NativeEditable/W3-CAN-P1-01-390x844,390x844,390x844,W3_EXECUTED_PASS
responsive,453:7374,453:7395,453:10333,462:22,NativeEditable/W3-CAN-P1-02-390x844,390x844,390x844,W3_EXECUTED_PASS
responsive,453:7374,453:7421,453:10333,462:45,NativeEditable/W3-CAN-P1-03-390x844,390x844,390x844,W3_EXECUTED_PASS
responsive,453:7374,453:7449,453:10333,462:70,NativeEditable/W3-CAN-P1-04-390x844,390x844,390x844,W3_EXECUTED_PASS
responsive,453:7374,453:7481,453:10333,462:99,NativeEditable/W3-CAN-P1-05-390x844,390x844,390x844,W3_EXECUTED_PASS
responsive,453:7374,453:7542,453:10333,462:157,NativeEditable/W3-CAN-P1-06-390x844,390x844,390x844,W3_EXECUTED_PASS
responsive,453:7374,453:7594,453:10333,462:206,NativeEditable/W3-CAN-P1-07-390x844,390x844,390x844,W3_EXECUTED_PASS
responsive,453:7374,453:7685,453:10333,462:294,NativeEditable/W3-CAN-P1-08-390x844,390x844,390x844,W3_EXECUTED_PASS
responsive,453:7374,453:7786,453:10333,462:392,NativeEditable/W3-CAN-P1-09-390x844,390x844,390x844,W3_EXECUTED_PASS
responsive,453:7374,453:7872,453:10333,462:475,NativeEditable/W3-CAN-P1-10-390x844,390x844,390x844,W3_EXECUTED_PASS
responsive,453:7374,453:7924,453:10333,462:524,NativeEditable/W3-CAN-P1-11-390x844,390x844,390x844,W3_EXECUTED_PASS
responsive,453:7374,453:7975,453:10333,462:572,NativeEditable/W3-CAN-P1-12-390x844,390x844,390x844,W3_EXECUTED_PASS
responsive,453:7374,453:8065,453:10333,462:659,NativeEditable/W3-CAN-P1-13-390x844,390x844,390x844,W3_EXECUTED_PASS
responsive,453:7374,453:8125,453:10333,462:716,NativeEditable/W3-CAN-P1-14-390x844,390x844,390x844,W3_EXECUTED_PASS
responsive,453:7374,453:8236,453:10333,462:824,NativeEditable/W3-CAN-P1-15-390x844,390x844,390x844,W3_EXECUTED_PASS
responsive,453:7374,453:8308,453:10333,462:893,NativeEditable/W3-CAN-P1-16-390x844,390x844,390x844,W3_EXECUTED_PASS
responsive,453:7374,453:8384,453:10333,462:966,NativeEditable/W3-CAN-P2-01-390x844,390x844,390x844,W3_EXECUTED_PASS
responsive,453:7374,453:8449,453:10333,462:1028,NativeEditable/W3-CAN-P2-02-390x844,390x844,390x844,W3_EXECUTED_PASS
responsive,453:7374,453:8498,453:10333,462:1074,NativeEditable/W3-CAN-P2-03-390x844,390x844,390x844,W3_EXECUTED_PASS
responsive,453:7374,453:8536,453:10333,462:1109,NativeEditable/W3-CAN-P2-04-390x844,390x844,390x844,W3_EXECUTED_PASS
responsive,453:7374,453:8572,453:10333,462:1142,NativeEditable/W3-CAN-P2-05-390x844,390x844,390x844,W3_EXECUTED_PASS
responsive,453:7374,453:8638,453:10333,462:1205,NativeEditable/W3-CAN-P2-06-390x844,390x844,390x844,W3_EXECUTED_PASS
responsive,453:7374,453:8687,453:10333,462:1251,NativeEditable/W3-CAN-P2-07-390x844,390x844,390x844,W3_EXECUTED_PASS
responsive,453:7374,453:8740,453:10333,462:1301,NativeEditable/W3-CAN-P2-08-390x844,390x844,390x844,W3_EXECUTED_PASS
responsive,453:7374,453:8824,453:10333,462:1382,NativeEditable/W3-CAN-P2-09-390x844,390x844,390x844,W3_EXECUTED_PASS
responsive,453:7374,453:8889,453:10333,462:1444,NativeEditable/W3-CAN-P2-10-390x844,390x844,390x844,W3_EXECUTED_PASS
responsive,453:7374,453:8941,453:10333,462:1493,NativeEditable/W3-CAN-P2-11-390x844,390x844,390x844,W3_EXECUTED_PASS
responsive,453:7374,453:8983,453:10333,462:1532,NativeEditable/W3-CAN-P2-12-390x844,390x844,390x844,W3_EXECUTED_PASS
responsive,453:7374,453:9029,453:10333,462:1575,NativeEditable/W3-CAN-P2-13-390x844,390x844,390x844,W3_EXECUTED_PASS
responsive,453:7374,453:9121,453:10333,462:1664,NativeEditable/W3-CAN-P2-14-390x844,390x844,390x844,W3_EXECUTED_PASS
responsive,453:7374,453:9164,453:10333,462:1704,NativeEditable/W3-CAN-P2-15-390x844,390x844,390x844,W3_EXECUTED_PASS
responsive,453:7374,453:9207,453:10333,462:1744,NativeEditable/W3-CAN-P2-16-390x844,390x844,390x844,W3_EXECUTED_PASS
responsive,453:7374,453:9289,453:10333,462:1823,NativeEditable/W3-CAN-ST-01-390x844,390x844,390x844,W3_EXECUTED_PASS
responsive,453:7374,453:9330,453:10333,462:1861,NativeEditable/W3-CAN-ST-02-390x844,390x844,390x844,W3_EXECUTED_PASS
responsive,453:7374,453:9382,453:10333,462:1910,NativeEditable/W3-CAN-ST-03-390x844,390x844,390x844,W3_EXECUTED_PASS
responsive,453:7374,453:9442,453:10333,462:1967,NativeEditable/W3-CAN-ST-04-390x844,390x844,390x844,W3_EXECUTED_PASS
responsive,453:7374,453:9487,453:10333,462:2009,NativeEditable/W3-CAN-ST-05-390x844,390x844,390x844,W3_EXECUTED_PASS
responsive,453:7374,453:9543,453:10333,462:2062,NativeEditable/W3-CAN-ST-06-390x844,390x844,390x844,W3_EXECUTED_PASS
responsive,453:7374,453:9598,453:10333,462:2114,NativeEditable/W3-CAN-ST-07-390x844,390x844,390x844,W3_EXECUTED_PASS
responsive,453:7374,453:9608,453:10333,462:2121,NativeEditable/W3-CAN-ST-08-390x844,390x844,390x844,W3_EXECUTED_PASS
responsive,453:7374,453:9638,453:10333,462:2148,NativeEditable/W3-CAN-ST-09-390x844,390x844,390x844,W3_EXECUTED_PASS
responsive,453:7374,453:9661,453:10333,462:2168,NativeEditable/W3-CAN-ST-10-390x844,390x844,390x844,W3_EXECUTED_PASS
responsive,453:7374,453:9699,453:10333,462:2203,NativeEditable/W3-CAN-ST-11-390x844,390x844,390x844,W3_EXECUTED_PASS
responsive,453:7374,453:9758,453:10333,462:2259,NativeEditable/W3-CAN-ST-12-390x844,390x844,390x844,W3_EXECUTED_PASS
responsive,453:7374,453:9808,453:10333,462:2306,NativeEditable/W3-CAN-ST-13-390x844,390x844,390x844,W3_EXECUTED_PASS
responsive,453:7374,453:9851,453:10333,462:2346,NativeEditable/W3-CAN-ST-14-390x844,390x844,390x844,W3_EXECUTED_PASS
responsive,453:7374,453:9879,453:10333,462:2371,NativeEditable/W3-CAN-ST-15-390x844,390x844,390x844,W3_EXECUTED_PASS
responsive,453:7374,453:9923,453:10333,462:2412,NativeEditable/W3-CAN-ST-16-390x844,390x844,390x844,W3_EXECUTED_PASS
responsive,453:7374,453:9978,453:10333,462:2464,NativeEditable/W3-CAN-ST-17-390x844,390x844,390x844,W3_EXECUTED_PASS
responsive,453:7374,453:10009,453:10333,462:2492,NativeEditable/W3-CAN-ST-18-390x844,390x844,390x844,W3_EXECUTED_PASS
responsive,453:7374,453:10064,453:10333,462:2544,NativeEditable/W3-CAN-ST-19-390x844,390x844,390x844,W3_EXECUTED_PASS
responsive,453:7374,453:10104,453:10333,462:2581,NativeEditable/W3-CAN-ST-20-390x844,390x844,390x844,W3_EXECUTED_PASS
responsive,453:7374,453:10141,453:10333,462:2615,NativeEditable/W3-CAN-ST-21-390x844,390x844,390x844,W3_EXECUTED_PASS
responsive,453:7374,453:10165,453:10333,462:2636,NativeEditable/W3-CAN-ST-22-390x844,390x844,390x844,W3_EXECUTED_PASS
responsive,453:7374,453:10211,453:10333,462:2679,NativeEditable/W3-CAN-ST-23-390x844,390x844,390x844,W3_EXECUTED_PASS
responsive,453:7374,453:10288,453:10333,462:2753,NativeEditable/W3-CAN-ST-24-390x844,390x844,390x844,W3_EXECUTED_PASS
responsive,453:7374,453:7378,453:10333,462:2796,NativeEditable/W3-RESP-P1-01-360x800,390x844,360x800,W3_EXECUTED_PASS
responsive,453:7374,453:7378,453:10333,462:2813,NativeEditable/W3-RESP-P1-01-412x915,390x844,412x915,W3_EXECUTED_PASS
responsive,453:7374,453:7378,453:10333,462:2830,NativeEditable/W3-RESP-P1-01-430x932,390x844,430x932,W3_EXECUTED_PASS
responsive,453:7374,453:8983,453:10333,462:2847,NativeEditable/W3-RESP-P2-12-360x800,390x844,360x800,W3_EXECUTED_PASS
responsive,453:7374,453:8983,453:10333,462:2890,NativeEditable/W3-RESP-P2-12-412x915,390x844,412x915,W3_EXECUTED_PASS
responsive,453:7374,453:8983,453:10333,462:2933,NativeEditable/W3-RESP-P2-12-430x932,390x844,430x932,W3_EXECUTED_PASS
