route_id,record_type,path,current_state,target_navigator,target_branch,auth_policy,feature_flag,deep_link_policy,return_to_policy,expected_result,status,source_ref,owner,notes
RT-001,ROUTE,/launch,LIVE_FLAT_ROUTE,ROOT,NONE,PUBLIC,N/A,OPEN,NOT_USED,Launch resolves onboarding or authenticated entry without entering a shell branch,PLANNED,mobile/lib/app/router/app_router.dart:55,onboarding,Existing route preserved
RT-002,ROUTE,/onboarding,LIVE_FLAT_ROUTE,ROOT,NONE,PUBLIC,N/A,OPEN,PRESERVE_DRAFT,Onboarding remains root-level and preserves the local pet draft across auth navigation,PLANNED,mobile/lib/app/router/app_router.dart:59,onboarding,Existing route preserved
RT-003,ROUTE,/auth/login,LIVE_FLAT_ROUTE,ROOT,NONE,PUBLIC,N/A,OPEN,PRESERVE_AND_VALIDATE,Login accepts only a safe returnTo and reaches the requested protected destination after authentication,PLANNED,mobile/lib/app/router/app_router.dart:63,auth,email verified and returnTo query parameters remain supported
RT-004,ROUTE,/auth/register,LIVE_FLAT_ROUTE,ROOT,NONE,PUBLIC,N/A,OPEN,PRESERVE_AND_VALIDATE,Register preserves safe returnTo and sends a successful registration to OTP,PLANNED,mobile/lib/app/router/app_router.dart:71,auth,email and returnTo query parameters remain supported
RT-005,ROUTE,/auth/otp,LIVE_FLAT_ROUTE,ROOT,NONE,PUBLIC,N/A,OPEN,PRESERVE_AND_VALIDATE,OTP preserves expiry resend and safe returnTo parameters then restores the authenticated destination,PLANNED,mobile/lib/app/router/app_router.dart:78,auth,Existing route preserved
RT-006,ROUTE,/pets,LIVE_FLAT_ROUTE,SHELL,HOME,AUTH_REQUIRED,N/A,OPEN,RESTORE_BRANCH,Home is the HOME branch root and retains branch state when another tab is selected,PLANNED,mobile/lib/app/router/app_router.dart:92,pets,Target StatefulShellRoute indexedStack root
RT-007,ROUTE,/pets/list,LIVE_FLAT_ROUTE,SHELL,HOME,AUTH_REQUIRED,N/A,OPEN,RESTORE_BRANCH,Pet list is a HOME child and returns to the HOME root on branch reselect,PLANNED,mobile/lib/app/router/app_router.dart:96,pets,Existing path and deep link preserved
RT-008,ROUTE,/pets/create,LIVE_FLAT_ROUTE,ROOT,NONE,AUTH_REQUIRED,N/A,OPEN,PRESERVE_AND_VALIDATE,Pet create opens above the shell and returns only to an allowlisted route,PLANNED,mobile/lib/app/router/app_router.dart:100,pets,Full-screen root navigator route
RT-009,ROUTE,/pets/:id/edit,LIVE_FLAT_ROUTE,ROOT,NONE,AUTH_REQUIRED,N/A,OPEN,PRESERVE_AND_VALIDATE,Pet edit opens above the shell and preserves a safe returnTo,PLANNED,mobile/lib/app/router/app_router.dart:105,pets,Full-screen root navigator route
RT-010,ROUTE,/pets/:id,LIVE_FLAT_ROUTE,ROOT,NONE,AUTH_REQUIRED,N/A,OPEN,RESTORE_CALLER,Pet detail opens above the shell and back restores the originating branch,PLANNED,mobile/lib/app/router/app_router.dart:112,pets,Full-screen root navigator route
RT-011,ROUTE,/vets/map,LIVE_FLAT_ROUTE,SHELL,VET,AUTH_REQUIRED,N/A,OPEN,RESTORE_BRANCH,Vet map is the VET branch root and retains map filter and sheet state,PLANNED,mobile/lib/app/router/app_router.dart:117,vets,Target branch root supersedes current bottom-nav /vets/list target
RT-012,ROUTE,/vets/list,LIVE_FLAT_ROUTE,SHELL,VET,AUTH_REQUIRED,N/A,OPEN,RESTORE_BRANCH,Vet list is a VET child and back or reselect returns to /vets/map with state preserved,PLANNED,mobile/lib/app/router/app_router.dart:121,vets,Existing path and deep link preserved
RT-013,ROUTE,/vets/:id,LIVE_FLAT_ROUTE,ROOT,NONE,AUTH_REQUIRED,N/A,OPEN,PRESERVE_AND_VALIDATE,Vet detail opens above the shell and defaults its safe return path to /vets/list,PLANNED,mobile/lib/app/router/app_router.dart:125,vets,Full-screen root navigator route
RT-014,ROUTE,/health,LIVE_FLAT_ROUTE,SHELL,HEALTH,AUTH_REQUIRED,N/A,OPEN,RESTORE_BRANCH,Health timeline is the HEALTH branch root and retains selected pet and scroll state,PLANNED,mobile/lib/app/router/app_router.dart:132,health,Target StatefulShellRoute indexedStack root
RT-015,ROUTE,/health/events/new,LIVE_FLAT_ROUTE,ROOT,NONE,AUTH_REQUIRED,N/A,OPEN,RESTORE_CALLER,Add health event opens above the shell and returns to the originating health surface,PLANNED,mobile/lib/app/router/app_router.dart:136,health,petId query parameter remains supported
RT-016,ROUTE,/health/reminders,LIVE_FLAT_ROUTE,SHELL,HEALTH,AUTH_REQUIRED,N/A,OPEN,RESTORE_BRANCH,Reminder calendar is a HEALTH child and restores the timeline branch on back or reselect,PLANNED,mobile/lib/app/router/app_router.dart:142,reminders,Existing path preserved
RT-017,ROUTE,/notifications,LIVE_FLAT_ROUTE,SHELL,PROFILE,AUTH_REQUIRED,N/A,OPEN,PRESERVE_AND_VALIDATE,Notification center belongs to PROFILE and preserves a safe returnTo from other entry points,PLANNED,mobile/lib/app/router/app_router.dart:146,notifications,Target branch assignment is explicit
RT-018,ROUTE,/community,LIVE_PLACEHOLDER,ROOT,NONE,AUTH_REQUIRED,N/A,OPEN,NOT_USED,Community remains an honest unavailable placeholder with no fabricated data,PLANNED,mobile/lib/app/router/app_router.dart:152,community,No shell branch assigned until a product contract exists
RT-019,ROUTE,/adoption,LIVE_PLACEHOLDER,SHELL,HOME,AUTH_REQUIRED,N/A,OPEN,RESTORE_BRANCH,Adoption remains fail-closed as an honest placeholder and performs no adoption API calls,PLANNED,mobile/lib/app/router/app_router.dart:159,adoption,No runtime feature flag exists yet
RT-020,ROUTE,/profile/controls,LIVE_PLACEHOLDER,SHELL,PROFILE,AUTH_REQUIRED,N/A,OPEN,RESTORE_BRANCH,Profile controls remains fail-closed and never pretends to persist settings,PLANNED,mobile/lib/app/router/app_router.dart:168,profile,Phase 2 placeholder
RT-021,ROUTE,/profile/privacy,LIVE_PLACEHOLDER,SHELL,PROFILE,AUTH_REQUIRED,N/A,OPEN,RESTORE_BRANCH,Privacy defaults remains fail-closed and never pretends to persist settings,PLANNED,mobile/lib/app/router/app_router.dart:177,profile,Phase 2 placeholder
RT-022,ROUTE,/profile,LIVE_FLAT_ROUTE,SHELL,PROFILE,AUTH_REQUIRED,N/A,OPEN,RESTORE_BRANCH,Profile is the PROFILE branch root and retains account and pet summary state,PLANNED,mobile/lib/app/router/app_router.dart:186,profile,Target StatefulShellRoute indexedStack root
RT-023,ROUTE,/rescue,LIVE_STAGED_FLAG_OFF,SHELL,RESCUE,AUTH_REQUIRED,PAWMATE_RESCUE_BROWSE_ENABLED=false,OPEN_TO_STAGED_WHEN_OFF,RESTORE_BRANCH,Rescue root always exists; when browse is off it shows an honest staged state and makes zero Rescue API calls,PLANNED,mobile/lib/app/router/app_router.dart:190; docs/design/pawmate-v031-platform-ui/contracts/RESCUE_FINAL_CONTRACT.md:43,rescue,Target StatefulShellRoute indexedStack root
RT-024,ROUTE,/rescue/create,FUTURE_ABSENT,ROOT,NONE,AUTH_REQUIRED,PAWMATE_RESCUE_CREATE_ENABLED=false,FEATURE_UNAVAILABLE_WHEN_OFF,RESTORE_RESCUE_BRANCH,Create Lost Alert is unavailable before Day 40 and cannot be reached through a generic 404,PLANNED,docs/design/pawmate-v031-platform-ui/contracts/RESCUE_FINAL_CONTRACT.md:67,rescue,Canonical route; inventory /rescue/drafts/new is a historical design alias
RT-025,ROUTE,/rescue/create/details,FUTURE_ABSENT,ROOT,NONE,AUTH_REQUIRED,PAWMATE_RESCUE_CREATE_ENABLED=false,FEATURE_UNAVAILABLE_WHEN_OFF,PRESERVE_DRAFT,Lost Info Form is unavailable before Day 40 and preserves a testable draft only after create is enabled,PLANNED,docs/design/pawmate-v031-platform-ui/contracts/RESCUE_FINAL_CONTRACT.md:68,rescue,Canonical route; inventory draftId route is a historical design alias
RT-026,ROUTE,/rescue/map,FUTURE_ABSENT,SHELL,RESCUE,AUTH_REQUIRED,PAWMATE_RESCUE_BROWSE_ENABLED=false,FEATURE_UNAVAILABLE_WHEN_OFF,RESTORE_BRANCH,Rescue map is fail-closed before Day 39 and uses only approximate public location when enabled,PLANNED,docs/design/pawmate-v031-platform-ui/contracts/RESCUE_FINAL_CONTRACT.md:69,rescue,No real map tile is used in deterministic golden tests
RT-027,ROUTE,/rescue/:caseId,FUTURE_ABSENT,ROOT,NONE,AUTH_REQUIRED,PAWMATE_RESCUE_BROWSE_ENABLED=false,FEATURE_UNAVAILABLE_WHEN_OFF,RESTORE_RESCUE_BRANCH,Case detail is fail-closed before Day 39 and handles a case deleted while open,PLANNED,docs/design/pawmate-v031-platform-ui/contracts/RESCUE_FINAL_CONTRACT.md:70,rescue,Canonical route; inventory /rescue/cases/:caseId is a historical design alias
RT-028,ROUTE,/rescue/:caseId/comment,FUTURE_ABSENT,ROOT,NONE,AUTH_REQUIRED,PAWMATE_RESCUE_CREATE_ENABLED=false,FEATURE_UNAVAILABLE_WHEN_OFF,RESTORE_RESCUE_BRANCH,Case comment is unavailable before Day 40 and requires canComment when enabled,PLANNED,docs/design/pawmate-v031-platform-ui/contracts/RESCUE_FINAL_CONTRACT.md:71,rescue,Canonical route
RT-029,ROUTE,/rescue/:caseId/status,FUTURE_ABSENT,ROOT,NONE,AUTH_REQUIRED,PAWMATE_RESCUE_CREATE_ENABLED=false,FEATURE_UNAVAILABLE_WHEN_OFF,RESTORE_RESCUE_BRANCH,Status update is unavailable before Day 40 and requires backend-enforced owner permission,PLANNED,docs/design/pawmate-v031-platform-ui/contracts/RESCUE_FINAL_CONTRACT.md:72,rescue,Canonical route
RT-030,ROUTE,/rescue/:caseId/discussion,FUTURE_ABSENT,ROOT,NONE,AUTH_REQUIRED,PAWMATE_RESCUE_CREATE_ENABLED=false,FEATURE_UNAVAILABLE_WHEN_OFF,RESTORE_RESCUE_BRANCH,Case discussion is unavailable before Day 40 and requires an authenticated enabled create contract,PLANNED,docs/design/pawmate-v031-platform-ui/contracts/RESCUE_FINAL_CONTRACT.md:73,rescue,Canonical route
RT-031,ROUTE,proposed:/adoption/pets/:id,FUTURE_ABSENT,UNRESOLVED,N/A,AUTH_REQUIRED,N/A,FAIL_CLOSED,NOT_DEFINED,Adoption profile remains unreachable until the Adoption route and API contract are approved,PLANNED,docs/design/pawmate-v031-platform-ui/SCREEN_INVENTORY.csv:P2-10,adoption,Design-only route proposal
RT-032,ROUTE,proposed:/adoption/requests/new,FUTURE_ABSENT,UNRESOLVED,N/A,AUTH_REQUIRED,N/A,FAIL_CLOSED,NOT_DEFINED,Adoption request form remains unreachable until the Adoption contract is approved,PLANNED,docs/design/pawmate-v031-platform-ui/SCREEN_INVENTORY.csv:P2-11,adoption,Design-only route proposal
RT-033,ROUTE,proposed:/adoption/requests/:id/chat,FUTURE_ABSENT,UNRESOLVED,N/A,AUTH_REQUIRED,N/A,FAIL_CLOSED,NOT_DEFINED,Shelter chat remains unreachable until the Adoption contract is approved,PLANNED,docs/design/pawmate-v031-platform-ui/SCREEN_INVENTORY.csv:P2-12,adoption,Design-only route proposal
RT-034,ROUTE,proposed:/adoption/requests,FUTURE_ABSENT,UNRESOLVED,N/A,AUTH_REQUIRED,N/A,FAIL_CLOSED,NOT_DEFINED,My adoption requests remains unreachable until the Adoption contract is approved,PLANNED,docs/design/pawmate-v031-platform-ui/SCREEN_INVENTORY.csv:ST-20,adoption,State-only route proposal
RT-035,ROUTE,proposed:/notifications/preferences,FUTURE_ABSENT,UNRESOLVED,N/A,AUTH_REQUIRED,N/A,FAIL_CLOSED,NOT_DEFINED,Notification preferences remains unreachable until its persistence contract is approved,PLANNED,docs/design/pawmate-v031-platform-ui/SCREEN_INVENTORY.csv:P2-14,notifications,Design-only route proposal
RT-036,ROUTE,modal:vet-review,LIVE_MODAL,OVERLAY,VET,AUTH_REQUIRED,N/A,NOT_A_DEEP_LINK,RESTORE_CALLER,Write Review opens as a modal over Vet Detail and refreshes the review summary after success,PLANNED,mobile/lib/features/vets/presentation/vet_detail_screen.dart:111,vets,Inventory surface is canonical for v0.31
RB-001,NAV_BEHAVIOR,N/A,TARGET_ONLY,N/A,N/A,N/A,N/A,N/A,N/A,Unauthenticated access to every protected route redirects to login with a safely encoded returnTo,PLANNED,mobile/lib/app/router/app_router.dart:33,router,Auth redirect contract
RB-002,NAV_BEHAVIOR,N/A,TARGET_ONLY,N/A,N/A,N/A,N/A,N/A,N/A,returnTo is allowlisted and cannot navigate to an external or malformed target,PLANNED,mobile/lib/app/router/app_router.dart:49,router,Applies to auth and full-screen routes
RB-003,NAV_BEHAVIOR,N/A,TARGET_ONLY,SHELL,N/A,AUTH_REQUIRED,N/A,N/A,N/A,Switching among five shell branches preserves each branch navigator scroll filter and selected state,PLANNED,docs/design/pawmate-v031-platform-ui/WAVE_CONTRACTS.md:W5,router,StatefulShellRoute indexedStack target
RB-004,NAV_BEHAVIOR,N/A,TARGET_ONLY,SHELL,N/A,AUTH_REQUIRED,N/A,N/A,N/A,Reselecting a branch while on a child pops only that branch to its root,PLANNED,docs/design/pawmate-v031-platform-ui/WAVE_CONTRACTS.md:W5,router,Bottom navigation contract
RB-005,NAV_BEHAVIOR,N/A,TARGET_ONLY,SHELL,N/A,AUTH_REQUIRED,N/A,N/A,N/A,Reselecting an already visible branch root scrolls its primary content to top,PLANNED,docs/design/pawmate-v031-platform-ui/WAVE_CONTRACTS.md:W5,router,Bottom navigation contract
RB-006,NAV_BEHAVIOR,N/A,TARGET_ONLY,SHELL,N/A,AUTH_REQUIRED,N/A,N/A,N/A,Android back on a shell root follows platform exit behavior without corrupting another branch stack,PLANNED,docs/design/pawmate-v031-platform-ui/WAVE_CONTRACTS.md:W5,router,Platform navigation contract
RB-007,NAV_BEHAVIOR,N/A,TARGET_ONLY,ROOT,N/A,AUTH_REQUIRED,N/A,N/A,N/A,iOS edge swipe dismisses pushed full-screen routes and restores the originating shell branch,PLANNED,docs/design/pawmate-v031-platform-ui/WAVE_CONTRACTS.md:W5,router,Platform navigation contract
RB-008,NAV_BEHAVIOR,N/A,TARGET_ONLY,N/A,N/A,N/A,N/A,N/A,N/A,Unknown routes resolve to a safe in-app fallback and never expose a blank or crashing screen,PLANNED,docs/design/pawmate-v031-platform-ui/WAVE_CONTRACTS.md:W5,router,Error route contract
